pozymis,n,H,p,epsilon_sq,eta_sq,efektas,reiksminga
RR_sant_vid,4996,2628.3,0.0,0.526,0.526,stiprus,True
RR_pre,4996,2267.8,0.0,0.454,0.454,stiprus,True
RR_sant_post,4994,1511.1,0.0,0.303,0.302,stiprus,True
QRS,4965,1319.8,1.7029340454011656e-284,0.266,0.265,stiprus,True
P_amp,2214,571.4,2.355055429682048e-122,0.258,0.257,stiprus,True
QTc,4837,1057.0,1.5858606260265025e-227,0.219,0.218,stiprus,True
PR,2209,425.4,9.114490272688826e-91,0.193,0.191,stiprus,True
QRS_min,4965,555.0,8.4893631806271e-119,0.112,0.111,vidutinis,True
QRS_max,4965,546.7,5.236713131580222e-117,0.11,0.109,vidutinis,True
RR_vid,4996,468.3,4.734861062538685e-100,0.094,0.093,vidutinis,True
ST,4965,362.1,4.192707342016997e-77,0.073,0.072,vidutinis,True
QT,4840,262.2,1.5344416839634416e-55,0.054,0.053,nedidelis,True
T_amp,4840,207.7,8.168869481189092e-44,0.043,0.042,nedidelis,True
RR_post,4998,160.8,9.820546638960203e-34,0.032,0.031,nedidelis,True
