feature_1,feature_2,visa_aibe,N,L,R,V,A,range_between_classes
T_amp,QRS_max,-0.3485,0.3166,-0.8469,0.0567,-0.6168,-0.1605,1.1635
T_amp,QRS_min,-0.2009,-0.301,-0.3387,0.5041,-0.6241,-0.214,1.1282
RR_post,QRS_max,-0.0028,0.053,-0.5324,0.5565,0.1322,-0.136,1.0889
RR_vid,QRS_max,-0.0658,0.082,-0.4942,0.4694,0.0473,-0.3993,0.9637
RR_post,T_amp,-0.0096,0.1847,0.5062,-0.4153,-0.033,-0.0029,0.9216
QT,QRS_max,-0.0461,-0.0513,-0.3654,0.5461,-0.0271,-0.3754,0.9215
RR_vid,T_amp,0.013,0.1482,0.5002,-0.403,-0.1345,0.2166,0.9032
RR_vid,ST,-0.0076,0.2395,0.4619,-0.3844,-0.1267,-0.214,0.8462
RR_pre,QRS_max,0.0547,0.0567,-0.415,0.3461,0.048,-0.4835,0.8296
RR_pre,T_amp,0.0169,0.1506,0.4246,-0.4017,-0.2852,0.344,0.8263
QTc,QRS_max,-0.1385,-0.1121,-0.3552,0.4566,-0.0424,-0.1214,0.8118
RR_pre,ST,0.0339,0.227,0.4291,-0.3792,-0.2714,-0.1715,0.8083
RR_post,ST,-0.0201,0.2358,0.4209,-0.3758,-0.062,-0.1012,0.7967
QRS_max,QRS_min,0.2724,-0.1241,0.6078,0.276,0.5954,-0.1701,0.7779
RR_vid,RR_sant_vid,-0.0361,0.0257,-0.0848,0.0798,-0.4677,-0.6959,0.7757
QTc,QRS_min,-0.1497,-0.0386,-0.413,0.0885,-0.2465,0.3323,0.7453
RR_vid,P_amp,-0.1723,-0.0394,-0.1177,-0.6095,0.0774,-0.2756,0.6869
T_amp,ST,0.7148,0.5363,0.6301,0.6459,0.8636,0.1796,0.684
QT,QRS_min,-0.0882,-0.0456,-0.4006,0.1892,-0.1052,0.2787,0.6794
PR,P_amp,-0.1185,-0.1318,0.446,-0.059,0.0008,-0.2331,0.679
ST,QRS_min,-0.1278,-0.021,0.0306,0.1611,-0.5101,-0.0293,0.6712
PR,T_amp,-0.2014,0.0985,0.204,-0.4635,-0.1945,0.1447,0.6675
QT,P_amp,-0.1091,-0.0833,-0.0436,-0.4259,0.2248,-0.1423,0.6506
QRS,ST,0.0067,-0.2275,-0.1019,0.3489,0.0744,0.4121,0.6396
RR_post,RR_sant_vid,-0.1424,-0.0056,0.1287,0.0381,-0.5055,-0.4153,0.6343
QTc,T_amp,0.0721,-0.2475,0.3786,0.1659,0.3829,0.0168,0.6304
RR_vid,QRS,-0.0418,0.0371,-0.3782,-0.0996,-0.1611,0.2453,0.6235
RR_post,RR_sant_post,-0.4072,-0.2672,-0.2283,-0.1679,-0.7891,-0.6979,0.6211
PR,ST,-0.2026,0.2357,-0.0236,-0.3631,-0.1474,-0.3607,0.5989
RR_post,P_amp,-0.1093,-0.0382,-0.1173,-0.448,0.1462,-0.2366,0.5941
RR_pre,RR_post,0.4304,0.7749,0.8419,0.8219,0.2512,0.465,0.5907
P_amp,ST,0.2237,-0.008,0.1711,0.3496,-0.1234,0.4488,0.5722
RR_pre,QRS,-0.0425,0.0339,-0.2956,-0.0925,-0.0996,0.2762,0.5719
QT,T_amp,0.0804,-0.0703,0.4019,-0.1582,0.2433,0.1957,0.5601
RR_post,QRS,0.0899,0.0386,-0.2927,-0.0897,-0.0736,0.2515,0.5442
PR,QRS_min,-0.1558,-0.2092,-0.2885,-0.271,0.2456,-0.1513,0.5341
RR_pre,RR_sant_vid,0.5861,0.3509,0.3937,0.3066,0.428,-0.1042,0.5323
RR_pre,P_amp,0.0113,-0.1022,-0.1241,-0.6157,-0.0837,-0.3758,0.532
ST,QRS_max,-0.3452,-0.1383,-0.4181,-0.0473,-0.5737,-0.1511,0.5264
RR_vid,QT,0.5347,0.6002,0.2493,0.7691,0.3879,0.5795,0.5199
RR_post,QRS_min,-0.0014,-0.0139,-0.2046,-0.0383,0.2379,0.2938,0.4984
PR,QTc,0.0021,-0.1964,0.1671,-0.3287,-0.0116,-0.2226,0.4958
RR_vid,RR_sant_post,0.0445,0.0058,-0.0353,0.0627,-0.4317,-0.1205,0.4944
PR,QRS_max,-0.2239,-0.1165,-0.232,-0.3517,0.1425,-0.251,0.4942
RR_pre,QT,0.4821,0.556,0.2702,0.7436,0.2628,0.613,0.4809
QRS,P_amp,-0.0337,-0.2633,0.0477,0.2097,-0.0284,0.1061,0.473
P_amp,QRS_max,0.4259,0.4816,0.2608,0.0122,0.2799,0.2217,0.4694
QRS,T_amp,-0.1498,-0.3546,-0.0153,-0.1865,0.1105,0.1015,0.465
RR_sant_vid,QRS_min,0.0172,0.065,-0.0304,0.0394,-0.0624,-0.4,0.465
QTc,ST,-0.0111,-0.1744,0.2302,0.1594,0.2876,-0.0344,0.4621
RR_pre,RR_vid,0.7247,0.9104,0.8421,0.9508,0.5069,0.7113,0.4439
RR_vid,QRS_min,0.0907,0.0099,-0.1297,0.075,0.2725,0.3103,0.44
P_amp,T_amp,0.2121,0.2588,-0.098,0.3367,-0.0314,-0.0187,0.4347
P_amp,QRS_min,0.0244,0.0333,0.2116,-0.0462,0.3467,-0.0869,0.4337
QT,ST,0.0212,0.0288,0.2859,-0.1448,0.1546,-0.1234,0.4307
RR_pre,QTc,-0.2934,-0.1889,0.06,0.0716,-0.3535,0.0104,0.4252
RR_sant_vid,QTc,-0.3866,-0.2433,-0.0272,-0.2321,-0.434,-0.2783,0.4068
QRS,QRS_max,-0.0572,-0.2584,0.0696,-0.1151,0.0178,-0.3368,0.4063
QRS,QT,0.246,0.2453,0.194,-0.0096,0.2424,0.3939,0.4035
RR_sant_vid,RR_sant_post,0.6936,0.6265,0.5119,0.6164,0.7881,0.3887,0.3993
QRS,QRS_min,-0.2628,0.0053,-0.0963,-0.2695,-0.2782,0.0933,0.3715
RR_sant_post,QRS_min,0.0499,0.0615,0.1302,0.0208,-0.1202,-0.2313,0.3615
RR_post,RR_vid,0.6953,0.8703,0.8724,0.8863,0.7693,0.5292,0.3571
RR_post,QT,0.513,0.6268,0.3761,0.7278,0.5058,0.4243,0.3517
RR_sant_vid,P_amp,0.238,-0.1254,-0.0566,-0.1078,-0.2187,0.1322,0.3509
QTc,P_amp,-0.1724,-0.0523,-0.0352,-0.0513,0.2931,-0.0142,0.3453
RR_sant_vid,PR,-0.0039,0.0446,0.0651,0.2557,-0.0718,0.0118,0.3275
QRS,QTc,0.3252,0.2863,0.2264,0.0129,0.3388,0.3254,0.3259
RR_sant_vid,QT,0.0989,0.0518,0.1277,0.085,-0.148,-0.193,0.3207
RR_sant_post,QT,-0.019,-0.102,-0.1479,-0.014,-0.3203,-0.0265,0.3063
RR_sant_post,QRS_max,0.0851,0.026,0.101,-0.1952,-0.1917,-0.1272,0.2962
RR_pre,QRS_min,0.0609,0.0341,-0.0898,0.0976,0.2033,0.1456,0.2931
RR_sant_post,QTc,-0.4644,-0.3393,-0.2494,-0.2809,-0.5396,-0.2564,0.2902
QT,QTc,0.6276,0.6659,0.9539,0.6711,0.7389,0.6932,0.2879
RR_sant_post,PR,0.0505,0.0577,-0.0731,0.1808,-0.0903,0.1145,0.2711
RR_vid,QTc,-0.0362,-0.0722,0.126,0.1739,0.0251,0.1978,0.2701
RR_sant_vid,ST,0.035,0.0031,-0.0048,-0.098,-0.0856,0.1677,0.2657
RR_pre,PR,0.1543,0.1409,0.1365,0.193,0.1785,0.3852,0.2488
RR_post,QTc,0.2296,0.0492,0.2395,0.2711,0.2906,0.2786,0.2414
RR_post,PR,0.0766,0.1318,0.201,0.0254,0.2504,0.1064,0.225
RR_sant_post,T_amp,-0.0206,-0.0377,-0.0622,-0.0814,-0.0644,0.1348,0.2162
PR,QT,0.0914,-0.0314,0.1626,-0.0435,0.1358,-0.0358,0.2061
RR_sant_vid,QRS,-0.0436,0.0086,0.1395,0.0223,0.0268,-0.0654,0.2049
PR,QRS,-0.0008,-0.1156,-0.1624,-0.0538,0.0115,-0.1831,0.1946
RR_sant_post,P_amp,0.1268,-0.0381,-0.0008,-0.0677,-0.1928,0.0004,0.1932
RR_sant_vid,T_amp,-0.0142,-0.0139,-0.0196,-0.0997,-0.0747,0.092,0.1917
RR_vid,PR,0.202,0.1667,0.13,0.0886,0.2746,0.2169,0.186
RR_sant_vid,QRS_max,0.1804,-0.0262,0.0142,-0.1541,-0.0913,0.013,0.1684
RR_pre,RR_sant_post,0.4794,0.2376,0.2433,0.2207,0.2897,0.1379,0.1518
RR_sant_post,QRS,-0.111,-0.0134,0.0016,0.0106,-0.0281,-0.1065,0.1172
RR_sant_post,ST,0.029,-0.0145,0.0308,-0.0522,-0.0238,-0.01,0.083
