pozymis,klase,reiksmiu,isskirtys,ekstremalios
RR_pre,N,1000,24,3
RR_pre,L,998,14,10
RR_pre,R,998,37,9
RR_pre,V,1000,22,30
RR_pre,A,1000,1,0
RR_post,N,1000,16,2
RR_post,L,999,19,0
RR_post,R,1000,18,7
RR_post,V,1000,1,0
RR_post,A,999,168,125
RR_vid,N,1000,8,5
RR_vid,L,998,0,2
RR_vid,R,998,16,0
RR_vid,V,1000,24,2
RR_vid,A,1000,6,0
RR_sant_post,N,1000,69,137
RR_sant_post,L,997,24,63
RR_sant_post,R,998,19,82
RR_sant_post,V,1000,51,7
RR_sant_post,A,999,2,0
PR,N,523,8,1
PR,L,519,3,0
PR,R,512,8,1
PR,V,187,5,0
PR,A,473,14,0
QRS,N,992,22,20
QRS,L,997,0,2
QRS,R,1000,1,0
QRS,V,981,7,3
QRS,A,995,2,0
QTc,N,963,12,0
QTc,L,991,1,0
QTc,R,991,42,5
QTc,V,948,29,3
QTc,A,944,80,20
P_amp,N,523,12,1
P_amp,L,519,28,2
P_amp,R,512,10,27
P_amp,V,187,5,7
P_amp,A,473,25,15
T_amp,N,963,33,1
T_amp,L,992,0,0
T_amp,R,993,3,0
T_amp,V,948,7,0
T_amp,A,944,106,28
ST,N,992,22,2
ST,L,997,5,0
ST,R,1000,88,25
ST,V,981,40,2
ST,A,995,53,5
QRS_max,N,992,11,0
QRS_max,L,997,0,0
QRS_max,R,1000,136,17
QRS_max,V,981,4,0
QRS_max,A,995,8,1
QRS_min,N,992,13,0
QRS_min,L,997,1,0
QRS_min,R,1000,14,0
QRS_min,V,981,0,0
QRS_min,A,995,89,121
